id	sex	mother	father	generation	liability	birth_year
1	M	-1	-1	0	0.3047	2000
2	F	-1	-1	0	-1.04	2000
3	M	-1	-1	0	0.7505	2000
4	F	-1	-1	0	0.9406	2000
5	M	-1	-1	0	-1.951	2000
6	F	-1	-1	0	-1.3022	2000
7	M	-1	-1	0	0.1278	2000
8	F	-1	-1	0	-0.3162	2000
9	M	-1	-1	0	-0.0168	2000
10	F	-1	-1	0	-0.853	2000
11	M	-1	-1	0	0.8794	2000
12	F	-1	-1	0	0.7778	2000
13	M	-1	-1	0	0.066	2000
14	F	-1	-1	0	1.1272	2000
15	M	-1	-1	0	0.4675	2000
16	F	-1	-1	0	-0.8593	2000
17	M	-1	-1	0	0.3688	2000
18	F	-1	-1	0	-0.9589	2000
19	M	-1	-1	0	0.8785	2000
20	F	-1	-1	0	-0.0499	2000
21	M	-1	-1	0	-0.1849	2000
22	F	-1	-1	0	-0.6809	2000
23	M	-1	-1	0	1.2225	2000
24	F	-1	-1	0	-0.1545	2000
25	M	-1	-1	0	-0.4283	2000
26	F	-1	-1	0	-0.3521	2000
27	M	-1	-1	0	0.5323	2000
28	F	-1	-1	0	0.3654	2000
29	M	-1	-1	0	0.4127	2000
30	F	-1	-1	0	0.4308	2000
31	M	30	25	1	0.858	2005
32	M	8	17	1	-1.2757	2005
33	M	30	29	1	-0.9195	2005
34	M	16	21	1	0.1424	2005
35	F	4	19	1	-0.4273	2005
36	F	4	9	1	0.6256	2005
37	M	16	5	1	0.4568	2005
38	M	14	1	1	-0.3631	2005
39	M	26	23	1	-1.1958	2005
40	M	20	7	1	-0.4694	2005
41	F	2	13	1	0.4807	2005
42	F	6	29	1	0.6654	2005
43	M	24	15	1	-0.4233	2005
44	F	12	23	1	-1.6873	2005
45	M	28	11	1	-1.3227	2005
46	F	10	3	1	0.3998	2005
47	F	26	9	1	-0.3782	2005
48	F	10	19	1	-0.3563	2005
49	F	18	21	1	-0.9336	2005
50	M	22	27	1	-0.95	2005
51	F	30	25	1	0.8403	2005
52	M	8	17	1	0.4344	2005
53	F	30	29	1	-0.5941	2005
54	F	16	21	1	0.0721	2005
55	F	4	19	1	0.2327	2005
56	F	4	9	1	1.6018	2005
57	F	16	5	1	-1.0235	2005
58	M	14	1	1	0.22	2005
59	M	26	23	1	0.8351	2005
60	M	20	7	1	1.4633	2005
61	F	2	13	1	-0.6398	2005
62	F	6	29	1	-0.3898	2005
63	M	24	15	1	0.6352	2005
64	M	12	23	1	-1.4708	2005
65	M	28	11	1	0.3135	2005
66	M	10	3	1	1.9967	2005
67	M	26	9	1	0.4144	2005
68	F	10	19	1	-2.132	2005
69	M	18	21	1	-0.8129	2005
70	F	22	27	1	-0.6121	2005
71	F	53	65	2	-0.1634	2010
72	M	68	33	2	1.4075	2010
73	M	62	34	2	0.6439	2010
74	M	56	50	2	-0.0487	2010
75	F	49	63	2	-1.2188	2010
76	M	42	40	2	-0.3341	2010
77	F	70	66	2	-1.3264	2010
78	M	55	52	2	-0.4842	2010
79	M	62	64	2	1.0028	2010
80	F	46	38	2	1.3374	2010
81	M	47	60	2	-0.6959	2010
82	M	41	34	2	0.2425	2010
83	F	36	59	2	-1.0844	2010
84	M	61	33	2	0.2282	2010
85	F	70	64	2	1.8768	2010
86	F	56	40	2	-0.2874	2010
87	M	48	45	2	-0.5907	2010
88	M	51	37	2	1.2059	2010
89	F	57	60	2	-0.6541	2010
90	M	35	58	2	-0.1627	2010
91	F	54	39	2	-0.5294	2010
92	M	55	69	2	1.1239	2010
93	F	47	31	2	-1.7577	2010
94	M	44	32	2	2.1292	2010
95	M	61	67	2	-1.0968	2010
96	F	53	65	2	2.9051	2010
97	M	68	33	2	-0.3682	2010
98	M	62	34	2	1.7287	2010
99	M	56	50	2	-0.2453	2010
100	F	49	63	2	0.4348	2010
101	M	42	40	2	-0.1338	2010
102	M	70	66	2	-0.2382	2010
103	M	55	52	2	0.2322	2010
104	M	62	64	2	0.4715	2010
105	F	46	38	2	0.1554	2010
106	M	47	60	2	0.0532	2010
107	F	41	34	2	-0.7216	2010
108	M	36	59	2	-0.0973	2010
109	M	61	33	2	1.5734	2010
110	M	70	64	2	-0.7631	2010
111	M	56	40	2	0.2612	2010
112	M	48	45	2	1.1911	2010
113	M	51	37	2	0.4801	2010
114	M	57	60	2	0.9274	2010
115	F	35	58	2	-1.1104	2010
116	F	54	39	2	0.2637	2010
117	F	55	69	2	-0.2922	2010
118	M	47	31	2	-0.252	2010
119	F	44	32	2	1.4715	2010
120	M	61	67	2	-0.2369	2010
121	F	115	78	3	0.8138	2015
122	M	107	104	3	0.2329	2015
123	F	117	81	3	0.2703	2015
124	M	83	76	3	-0.1475	2015
125	M	93	103	3	0.3834	2015
126	F	77	108	3	-1.0585	2015
127	M	91	94	3	1.4815	2015
128	F	116	109	3	-0.8223	2015
129	F	85	81	3	0.8444	2015
130	M	75	111	3	1.329	2015
131	F	100	73	3	0.8418	2015
132	M	119	97	3	2.3277	2015
133	F	85	106	3	-2.0035	2015
134	F	93	74	3	-0.4577	2015
135	M	80	92	3	1.3096	2015
136	F	75	110	3	-1.2516	2015
137	M	86	82	3	-0.7941	2015
138	M	119	79	3	0.5242	2015
139	F	107	113	3	-1.4128	2015
140	F	71	87	3	0.0544	2015
141	M	105	98	3	0.4594	2015
142	M	96	84	3	0.1382	2015
143	M	89	102	3	0.2292	2015
144	M	83	82	3	-0.7047	2015
145	M	115	78	3	0.1968	2015
146	M	107	104	3	-0.3937	2015
147	F	117	81	3	-0.2658	2015
148	M	83	76	3	0.8295	2015
149	F	93	103	3	-1.2965	2015
150	M	77	108	3	-2.3336	2015
151	M	91	94	3	0.7494	2015
152	F	116	109	3	0.1978	2015
153	F	85	81	3	1.3277	2015
154	M	75	111	3	-0.7695	2015
155	M	100	73	3	-0.0981	2015
156	F	119	97	3	0.0921	2015
157	F	85	106	3	-0.5944	2015
158	F	93	74	3	-0.8881	2015
159	M	80	92	3	0.8036	2015
160	F	75	110	3	-1.3822	2015
161	M	86	82	3	-1.0405	2015
162	M	119	79	3	-0.1311	2015
163	F	107	113	3	0.9283	2015
164	M	71	87	3	-0.5339	2015
165	F	105	98	3	-0.6543	2015
166	F	96	84	3	-0.1892	2015
167	F	89	102	3	0.3619	2015
168	F	83	82	3	-0.3428	2015
169	F	115	78	3	1.0672	2015
170	F	107	104	3	1.1146	2015
171	F	140	151	4	-0.0861	2020
172	M	168	138	4	0.3446	2020
173	M	167	143	4	-0.6884	2020
174	F	165	141	4	1.6289	2020
175	F	126	144	4	-0.8877	2020
176	F	160	137	4	-0.1913	2020
177	M	156	142	4	-0.4425	2020
178	M	126	125	4	0.1315	2020
179	M	153	155	4	1.5647	2020
180	M	131	146	4	-0.9411	2020
181	F	133	122	4	0.4523	2020
182	M	149	125	4	0.6375	2020
183	M	139	127	4	1.1478	2020
184	M	158	132	4	-0.7866	2020
185	M	157	162	4	-0.8262	2020
186	F	123	135	4	-0.1792	2020
187	F	149	142	4	-0.1592	2020
188	M	157	154	4	-1.0085	2020
189	F	134	161	4	0.6627	2020
190	F	169	148	4	0.5565	2020
191	F	163	144	4	2.0351	2020
192	F	128	130	4	-0.3071	2020
193	F	140	154	4	-1.0323	2020
194	M	121	124	4	-0.8888	2020
195	M	147	127	4	0.3343	2020
196	F	139	145	4	-0.7655	2020
197	M	152	151	4	0.7394	2020
198	M	156	159	4	-0.6529	2020
199	M	129	161	4	0.188	2020
200	F	134	150	4	-0.068	2020
