dataset	stat	published	observed	status	via	gap	source	note
atlas	N	948	948	PASS	summary:n_total		purgeR data	
atlas	founders (both parents unknown)	5	5	PASS	summary:pedigree.structure.size_structure.n_founders		purgeR test_population_parameters.R:17	
atlas	sum of F	197.2809	197.2809	PASS	annotated:sum_F		purgeR test_inbreeding.R:14	
atlas	max F	0.4277344	0.4277344	PASS	annotated:max_F		purgeR test_inbreeding.R:12	summary.yaml rounds max_F to 4 decimals
atlas	F of last row (id 948)	0.2345642	0.2345642	PASS	annotated:F_of		purgeR test_inbreeding.R:13	
atlas	sum of equivalent complete generations	5500.627	5500.627	PASS (engine)	engine:ecg_sum	A1	purgeR test_population_parameters.R:56	
atlas	max equivalent complete generations	10.0639	10.0639	PASS (engine)	engine:ecg_max	A1	purgeR test_population_parameters.R:54	
atlas	Ne_iΔF, reference = target (purgeR uses t-1)	14.01041	14.01041	PASS (engine)	engine:ne_idf_t1_reference	D1	purgeR test_population_parameters.R:74; Heredity 2021 abstract (14)	
atlas	Ne_iΔF, all rows (purgeR uses t-1, rows with t<=1 count as ΔF=0)	8.184803	8.029395	DIFF	engine:ne_idf_t1_all	D2	purgeR test_population_parameters.R:67	pedigree_graph drops rows with t<=1 rather than counting them as zero
atlas	founder equivalents fe (reference = target)	3.583086		GAP	gap	B1	purgeR test_population_parameters.R:20	
atlas	effective number of ancestors fa (reference = target)	3.583086		GAP	gap	B2	purgeR test_population_parameters.R:21	
dama	N	1316	1316	PASS	summary:n_total		purgeR data	
dama	Ne_iΔF, reference = target (purgeR uses t-1)	11.09927	11.09927	PASS (engine)	engine:ne_idf_t1_reference	D1	purgeR vignette; Heredity 2021 abstract (11)	
dama	founder equivalents fe (reference = target)	2.61475		GAP	gap	B1	purgeR tutorial vignette	
arrui	N	380	380	PASS	summary:n_total		purgeR data	
arrui	Ne_iΔF, reference = target (purgeR uses t-1)	3.83865	3.838647	PASS (engine)	engine:ne_idf_t1_reference	D1	purgeR vignette; Heredity 2021 abstract (4)	
arrui	founder equivalents fe (reference = target)	1.769424		GAP	gap	B1	purgeR tutorial vignette	
dorcas	N	1279	1279	PASS	summary:n_total		purgeR data	
dorcas	Ne_iΔF, reference = target (purgeR uses t-1)	39.32125	39.32125	PASS (engine)	engine:ne_idf_t1_reference	D1	purgeR vignette; Heredity 2021 abstract (39)	
dorcas	founder equivalents fe (reference = target)	13.38647		GAP	gap	B1	purgeR test_population_parameters.R:29	
dorcas	effective number of ancestors fa (reference = target)	12.9906		GAP	gap	B2	purgeR test_population_parameters.R:30	
darwin	N	63	63	PASS	summary:n_total		purgeR data	
darwin	F of William Erasmus Darwin	0.06298828	0.06298828	PASS	annotated:F_of		purgeR tutorial vignette; Berra	
genea140	N	41523	41523	PASS	summary:n_total		Gauvin et al. 2015	
genea140	males	20773	20773	PASS	summary:pedigree.structure.size_structure.n_male		Gauvin et al. 2015	
genea140	females	20750	20750	PASS	summary:pedigree.structure.size_structure.n_female		Gauvin et al. 2015	
genea140	founders	7399	7399	PASS	summary:pedigree.structure.size_structure.n_founders		Gauvin et al. 2015	
genea140	nuclear families (mating pairs with children)	21230	21230	PASS	summary:pedigree.demography.mating_pairs.n_pairs		Gauvin et al. 2015	
genea140	full sibships (2 or more sibs)	5994	5994	PASS	summary:pedigree.demography.mating_pairs.n_pairs_with_multiple_children		Gauvin et al. 2015	
genea140	largest sibship	14	14	PASS	summary:pedigree.demography.mating_pairs.children_per_pair.max		Gauvin et al. 2015	
genea140	generations (counting generation 0)	18	18	PASS	summary:pedigree.structure.size_structure.max_depth		"Gauvin et al. 2015 (""18 generations deep"")"	
genea140	mean expected genealogical depth of probands	9.4		GAP	gap	A5	Gauvin et al. 2015	
deep_ped	N (3 absent parents added)	4399	4399	PASS	summary:n_total		visPedigree vignette	
deep_ped	founders (visPedigree counts 135 founder rows + 3 added parents)	138	138	PASS	summary:pedigree.structure.size_structure.n_founders		visPedigree vignette	
deep_ped	max generation (visPedigree numbers founders 1)	13	13	PASS	summary:pedigree.structure.size_structure.max_depth		visPedigree vignette	
deep_ped	ECG of K110997Q	7.616211	7.616211	PASS (engine)	engine:ecg_of	A1	visPedigree vignette	
deep_ped	ECG of K110998Q	4.606445	4.606445	PASS (engine)	engine:ecg_of	A1	visPedigree vignette	
deep_ped	ECG of K110999Z	6.875977	6.875977	PASS (engine)	engine:ecg_of	A1	visPedigree vignette	
deep_ped	complete generations of K110998Q	2		GAP	gap	A2	visPedigree vignette	
deep_ped	fe (reference = Gen >= max-1)	64.73344		GAP	gap	B1	visPedigree vignette	
deep_ped	fa (reference = Gen >= max-1)	44.12033		GAP	gap	B2	visPedigree vignette	
deep_ped	mean coancestry (reference = Gen >= max-1)	0.0260693		GAP	gap	C1	visPedigree vignette	
mrode2	F of animal 5	0.125	0.125	PASS	annotated:F_of		tabular method (hand-derived)	
mrode2	F of animal 6	0.125	0.125	PASS	annotated:F_of		tabular method (hand-derived)	
mrode2	half-founders	1	1	PASS	summary:pedigree.structure.size_structure.n_half_founders		data (animal 4 has sire only)	
btped	N	1040	1040	PASS	summary:n_total		MCMCglmm BTped.Rd	
btped	founders	212	212	PASS	summary:pedigree.structure.size_structure.n_founders		MCMCglmm BTped.Rd	
btped	full-sib families	106	106	PASS	summary:pedigree.demography.mating_pairs.n_pairs		MCMCglmm BTped.Rd	
btped	inbred individuals	0	0	PASS	summary:pedigree.relatedness.inbreeding.n_inbred		MCMCglmm BTped.Rd (parents unrelated; offspring of unrelated parents have F = 0)	
